{"train_loss": [0.7735567316941335, 0.19871187796618076, 0.08900290319418654, 0.05730869660008672, 0.039698908723071746, 0.030955492101068086, 0.023938010030604424, 0.01953039091519668, 0.018144159127812805, 0.015812707955929192, 0.015182478071837719, 0.014551854665153362, 0.013596051766005417, 0.011880276291028445, 0.011712769044980949, 0.011010023618095508], "val_loss": [0.7742354981601238, 0.13865021779201925, 0.07088571484200656, 0.050849449646193534, 0.047165441792458296, 0.044244778517168015, 0.042872707126662135, 0.05324320157524198, 0.048760893871076405, 0.04604962242592592, 0.05218820000300184, 0.05145327842910774, 0.05362452776171267, 0.04612183940480463, 0.05094203740009107, 0.05990286363521591]}