{"train_loss": [0.7051919580351377, 0.2032809497405451, 0.08601195542207847, 0.05072265580719244, 0.034312257272396104, 0.025391477583709392, 0.017588353109816816, 0.013947689946012651, 0.011415501455619521, 0.00941238780972442, 0.009081048870926511, 0.0076528032920661826, 0.00847005870526389, 0.006522072507819848, 0.0061401789099744235, 0.006740750305182036], "val_loss": [0.7051944024860859, 0.12719267047941685, 0.06044691370334476, 0.046039258886594325, 0.04423880661488511, 0.0411513870494673, 0.04259611334418878, 0.043761304346844554, 0.03305491281207651, 0.0354567383765243, 0.03748023702064529, 0.043584799161180854, 0.035495072399498895, 0.03465515989228152, 0.047009237325255526, 0.03968104475643486]}