{"train_loss": [0.7061163859164461, 0.23301185722997847, 0.14815096847765835, 0.12739437588668884, 0.10654556953368034, 0.0961340523542876, 0.08641481347355648, 0.08189194558307211, 0.07453364775192442, 0.06967609241631226, 0.06478945784772752, 0.06153866742466781, 0.05722337549697634, 0.05330669570132984, 0.05024185745996681, 0.048141108947997606], "val_loss": [0.7061724532395601, 0.15906770480796695, 0.13113155798055232, 0.12002745573408902, 0.10062957438640296, 0.1017456348054111, 0.09229657589457929, 0.09071078465785831, 0.08774027368053794, 0.08207679155748338, 0.08402984694112092, 0.07655909261666238, 0.08041670336388052, 0.07263598637655377, 0.0770698458654806, 0.06839550391305238]}