{"train_loss": [0.8055355493904005, 0.184137502513456, 0.10170575702919606, 0.07019883978134352, 0.05100469408120881, 0.03727795885122837, 0.030153020086916203, 0.02364139122465718, 0.019684994751785662, 0.017339697199318795, 0.015817620599946233, 0.013491070716219116, 0.013601356337064916, 0.01217113812255891, 0.011094362349067782, 0.010759981034541542], "val_loss": [0.8023403063416481, 0.12886320590041578, 0.0910478689474985, 0.07913424680009484, 0.06558045977726579, 0.058213340234942734, 0.052385269897058606, 0.0521783446893096, 0.050497726537287235, 0.048910528246778995, 0.05268576444359496, 0.052673979836981744, 0.05198795671458356, 0.049979983479715884, 0.05112465578713454, 0.0507768175448291]}