{"train_loss": [0.692463939071547, 0.21424102038145065, 0.0744916558470445, 0.04166903400278472, 0.028073699964897322, 0.019115996209356327, 0.013776629277486817, 0.011154389138092413, 0.008473832662017514, 0.008151776382306604, 0.007025148523975566, 0.005962592300330206, 0.004891719878197099, 0.00518459655721546, 0.005682852638754618, 0.004303687136850018], "val_loss": [0.6923690065741539, 0.12191733927465975, 0.06368788745021448, 0.04396864541922696, 0.045475386781618, 0.04177508768043481, 0.047855875149252824, 0.041561491205357015, 0.04535551407025196, 0.04825681372312829, 0.04828197503229603, 0.04736491526455211, 0.056622371019329876, 0.051652867208758835, 0.059616696496959776, 0.05741712806047872]}