{"train_loss": [0.6924198375526049, 0.2693532890250497, 0.21033894233669795, 0.16548104557796572, 0.12945712191310335, 0.10846296848451838, 0.08841844583392566, 0.07387160194099796, 0.059999110423200205, 0.05058507569768327, 0.041049843857969746, 0.03595942271054319, 0.03133879524675456, 0.029718206845329585, 0.02588470301637096, 0.022336714080343326], "val_loss": [0.6925820801407099, 0.22898027254268527, 0.18489738600328565, 0.14511009771376848, 0.12590176286175847, 0.10483688092790544, 0.08718575770035386, 0.07544773770496249, 0.07043079572031274, 0.061969444213900715, 0.05705244158161804, 0.05304939142661169, 0.05914666457101703, 0.05460337799740955, 0.056790832546539605, 0.053109778673388064]}